1,Federico,Goozee,fgoozee0@cargocollective.com
2,Ashly,Pilling,apilling1@harvard.edu
3,Rand,Ralston,rralston2@google.nl
4,Dulcine,Caird,dcaird3@digg.com
5,Laetitia,Dibb,ldibb4@intel.com
6,Callean,Freeth,cfreeth5@sphinn.com
7,Abdul,Latour,alatour6@woothemes.com
8,Rene,Dimitrie,rdimitrie7@globo.com
9,Magda,Storer,mstorer8@vinaora.com
10,Joann,Mapston,jmapston9@facebook.com
11,Alisha,Bastock,abastocka@youtu.be
12,Frederique,Beckerleg,fbeckerlegb@over-blog.com
13,Hendrik,Rodenburgh,hrodenburghc@istockphoto.com
14,Hagen,Boundey,hboundeyd@buzzfeed.com
15,Germaine,Grisdale,ggrisdalee@ifeng.com
16,Jules,Lared,jlaredf@google.pl
17,Daune,Seabright,dseabrightg@tripod.com
18,Sherilyn,Mathes,smathesh@mapy.cz
19,Meggi,Hannant,mhannanti@blogger.com
20,Clary,Caesman,ccaesmanj@chron.com
21,Constantin,Garforth,cgarforthk@php.net
22,Claudius,Sindall,csindalll@economist.com
23,Ruthe,Midden,rmiddenm@wordpress.org
24,Jay,Courtois,jcourtoisn@indiegogo.com
25,Mary,Jakoubec,mjakoubeco@google.cn
26,Jared,Shills,jshillsp@wp.com
27,Meade,Wardhaugh,mwardhaughq@macromedia.com
28,Lodovico,Runnicles,lrunniclesr@zdnet.com
29,Juli,Lusgdin,jlusgdins@acquirethisname.com
30,Lorry,Lilliman,llillimant@lycos.com
31,Darb,Ebrall,debrallu@slashdot.org
32,Deidre,Cloute,dcloutev@craigslist.org
33,Devi,Izacenko,dizacenkow@creativecommons.org
34,Hanna,Sinott,hsinottx@ning.com
35,Rem,Vaskin,rvaskiny@dion.ne.jp
36,Norri,Duffan,nduffanz@sun.com
37,Allister,Matula,amatula10@ocn.ne.jp
38,Sherie,Salter,ssalter11@zimbio.com
39,Cherey,D'eye,cdeye12@privacy.gov.au
40,Purcell,Hallor,phallor13@whitehouse.gov
41,Cecil,Crathorne,ccrathorne14@squarespace.com
42,Phylys,Faire,pfaire15@mac.com
43,Lea,Bury,lbury16@hibu.com
44,Nada,Banbrook,nbanbrook17@sciencedaily.com
45,Edmund,Dolden,edolden18@ow.ly
46,Marietta,Di Pietro,mdipietro19@hp.com
47,Crissy,Hullbrook,chullbrook1a@narod.ru
48,Cynthie,Stubley,cstubley1b@edublogs.org
49,Cristen,Forster,cforster1c@netscape.com
50,Patin,Watkiss,pwatkiss1d@etsy.com
51,Monty,Estabrook,mestabrook1e@buzzfeed.com
52,Gerrilee,Prawle,gprawle1f@earthlink.net
53,Mayor,Espley,mespley1g@nih.gov
54,Melodie,McAnalley,mmcanalley1h@tinypic.com
55,Kylie,Fenelon,kfenelon1i@shareasale.com
56,Mariele,Thomtson,mthomtson1j@vistaprint.com
57,Calhoun,Lowis,clowis1k@sphinn.com
58,Priscilla,Hazzard,phazzard1l@google.cn
59,Chance,Paynton,cpaynton1m@gov.uk
60,Brana,Teal,bteal1n@telegraph.co.uk
61,Ingemar,Casolla,icasolla1o@unesco.org
62,Iona,Alastair,ialastair1p@google.ru
63,Ainslee,Guinn,aguinn1q@goo.ne.jp
64,Ardisj,Goodspeed,agoodspeed1r@eepurl.com
65,Vinni,Comi,vcomi1s@europa.eu
66,Geneva,Keavy,gkeavy1t@omniture.com
67,Rickie,Scholefield,rscholefield1u@usa.gov
68,Marne,Mesnard,mmesnard1v@harvard.edu
69,Gilda,Spens,gspens1w@cnet.com
70,Page,Mingey,pmingey1x@elegantthemes.com
71,Moshe,Top,mtop1y@dell.com
72,Ahmed,Dilloway,adilloway1z@sbwire.com
73,Law,Cassel,lcassel20@msu.edu
74,Maximilian,Jantot,mjantot21@java.com
75,Roarke,Schubert,rschubert22@squarespace.com
76,Durant,Harry,dharry23@360.cn
77,Aguste,Duffet,aduffet24@about.me
78,Janenna,Gon,jgon25@archive.org
79,Georgi,Lewington,glewington26@tinypic.com
80,Jeniece,Artharg,jartharg27@cmu.edu
81,Cally,Carlin,ccarlin28@ovh.net
82,Frazer,Gravell,fgravell29@1und1.de
83,Cammie,Boriston,cboriston2a@slate.com
84,Edouard,Szymaniak,eszymaniak2b@symantec.com
85,Cornell,Bewsy,cbewsy2c@tamu.edu
86,Anastasie,Roseblade,aroseblade2d@blogspot.com
87,Dru,Greenhowe,dgreenhowe2e@skype.com
88,Laraine,Elves,lelves2f@state.gov
89,Rosco,de Grey,rdegrey2g@tuttocitta.it
90,Rollins,Try,rtry2h@reddit.com
91,Cyndie,Rowdell,crowdell2i@bbb.org
92,Gerald,Hillborne,ghillborne2j@yelp.com
93,Dew,Clogg,dclogg2k@moonfruit.com
94,Leshia,Raikes,lraikes2l@scribd.com
95,Ramonda,Wipper,rwipper2m@biblegateway.com
96,Micheline,McKelvie,mmckelvie2n@bandcamp.com
97,Taite,Sandilands,tsandilands2o@mapy.cz
98,Audra,Lincke,alincke2p@studiopress.com
99,Brena,Le Brum,blebrum2q@tiny.cc
100,Ansel,McGovern,amcgovern2r@cpanel.net
101,Giacinta,Lohden,glohden2s@goodreads.com
102,Charlene,Holby,cholby2t@ameblo.jp
103,Rubina,Gippes,rgippes2u@reverbnation.com
104,Kellina,Handman,khandman2v@state.tx.us
105,Dian,Rochewell,drochewell2w@spotify.com
106,Benny,McShea,bmcshea2x@purevolume.com
107,Yorker,Lancashire,ylancashire2y@google.pl
108,Ruthy,Wallentin,rwallentin2z@nih.gov
109,Binny,Attenburrow,battenburrow30@ezinearticles.com
110,Man,Kitt,mkitt31@hao123.com
111,Allys,Burdin,aburdin32@gnu.org
112,Alard,Antyukhin,aantyukhin33@nyu.edu
113,Lazaro,Andreasen,landreasen34@4shared.com
114,Mandel,Fischer,mfischer35@comsenz.com
115,Hephzibah,Ayllett,hayllett36@networksolutions.com
116,Andre,Giannazzo,agiannazzo37@alexa.com
117,Rolfe,Cleve,rcleve38@com.com
118,Cairistiona,de Quesne,cdequesne39@nsw.gov.au
119,Cindra,Limpkin,climpkin3a@boston.com
120,Corilla,MacIllrick,cmacillrick3b@edublogs.org
121,Jody,Kirgan,jkirgan3c@google.nl
122,Dru,Cisland,dcisland3d@newyorker.com
123,Eleni,Calkin,ecalkin3e@unicef.org
124,Hodge,Joseff,hjoseff3f@go.com
125,Denise,Skerrett,dskerrett3g@shareasale.com
126,Odetta,Edwin,oedwin3h@woothemes.com
127,Hy,Pietasch,hpietasch3i@berkeley.edu
128,Zilvia,Mecozzi,zmecozzi3j@dmoz.org
129,Amory,Kubatsch,akubatsch3k@tinyurl.com
130,Aileen,Fantham,afantham3l@ehow.com
131,Doria,Hilldrop,dhilldrop3m@dion.ne.jp
132,Rourke,Allwright,rallwright3n@over-blog.com
133,Frazier,Grimestone,fgrimestone3o@qq.com
134,Buckie,Cotgrove,bcotgrove3p@eepurl.com
135,Trix,Divver,tdivver3q@timesonline.co.uk
136,Shurlock,Nund,snund3r@slideshare.net
137,Vinny,Abraham,vabraham3s@hp.com
138,Perren,Faulconbridge,pfaulconbridge3t@loc.gov
139,Marris,Damerell,mdamerell3u@hibu.com
140,Dayle,Ovill,dovill3v@ihg.com
141,Patti,Wetheril,pwetheril3w@e-recht24.de
142,Northrop,Triplow,ntriplow3x@deliciousdays.com
143,Shandee,Jacobbe,sjacobbe3y@spotify.com
144,Sheelah,Withringten,swithringten3z@liveinternet.ru
145,Linn,Kettle,lkettle40@marketwatch.com
146,Elset,Bussons,ebussons41@illinois.edu
147,Theresita,Peddersen,tpeddersen42@marketwatch.com
148,Elysee,Awde,eawde43@upenn.edu
149,Licha,McGreary,lmcgreary44@instagram.com
150,Lind,Turney,lturney45@shutterfly.com
151,Addie,McGrah,amcgrah46@ucla.edu
152,Siward,Darbyshire,sdarbyshire47@tripadvisor.com
153,Daria,Fritche,dfritche48@paypal.com
154,Zondra,Tunsley,ztunsley49@tiny.cc
155,Sara-ann,Crain,scrain4a@cmu.edu
156,Julius,Maltby,jmaltby4b@t-online.de
157,Leon,Deave,ldeave4c@list-manage.com
158,Tiphani,Grane,tgrane4d@ezinearticles.com
159,Koralle,Rattery,krattery4e@nyu.edu
160,Devi,MacTrustie,dmactrustie4f@apple.com
161,Merci,Giacopelo,mgiacopelo4g@pagesperso-orange.fr
162,Evangeline,Paddefield,epaddefield4h@army.mil
163,Jonah,Lowings,jlowings4i@taobao.com
164,Willdon,Senter,wsenter4j@timesonline.co.uk
165,Montague,Fullagar,mfullagar4k@slate.com
166,Page,Ramlot,pramlot4l@sogou.com
167,Cecilla,Barlee,cbarlee4m@pbs.org
168,Lynde,Nurcombe,lnurcombe4n@youtu.be
169,Shari,Bellord,sbellord4o@usgs.gov
170,Grady,Corish,gcorish4p@apache.org
171,Perla,Bedinn,pbedinn4q@wix.com
172,Maxi,Bardnam,mbardnam4r@etsy.com
173,Mignonne,Baccus,mbaccus4s@meetup.com
174,Warden,McNiff,wmcniff4t@multiply.com
175,Ryley,Simkovitz,rsimkovitz4u@cnet.com
176,Alfi,Gebb,agebb4v@noaa.gov
177,Marita,Bohin,mbohin4w@smugmug.com
178,Ricca,Balmadier,rbalmadier4x@cornell.edu
179,Lenka,Greeveson,lgreeveson4y@godaddy.com
180,Gay,Hounsom,ghounsom4z@theglobeandmail.com
181,Hephzibah,Scadding,hscadding50@cocolog-nifty.com
182,Billy,Covotto,bcovotto51@so-net.ne.jp
183,Carlynne,Laffling,claffling52@yale.edu
184,Neddie,Hanscome,nhanscome53@sitemeter.com
185,Dorelle,Whitecross,dwhitecross54@biglobe.ne.jp
186,Aloysius,Ingraham,aingraham55@prlog.org
187,Marketa,Croucher,mcroucher56@hao123.com
188,Norry,Bedborough,nbedborough57@mtv.com
189,Amanda,Del Dello,adeldello58@freewebs.com
190,Germayne,Pain,gpain59@state.gov
191,Carol,Dod,cdod5a@zdnet.com
192,Cazzie,Yushankin,cyushankin5b@webmd.com
193,Gardiner,Cootes,gcootes5c@bandcamp.com
194,Janelle,Thominga,jthominga5d@weibo.com
195,Hamnet,Holyland,hholyland5e@nsw.gov.au
196,Ber,Kindall,bkindall5f@hhs.gov
197,Dynah,Bramford,dbramford5g@arizona.edu
198,Bennie,Edling,bedling5h@patch.com
199,Carina,Spyer,cspyer5i@redcross.org
200,Rea,Bruniges,rbruniges5j@spiegel.de
201,Christye,Coxhead,ccoxhead5k@altervista.org
202,Stephenie,Helliar,shelliar5l@csmonitor.com
203,Sande,Gaine,sgaine5m@nhs.uk
204,May,Dennes,mdennes5n@blinklist.com
205,Freeland,Kays,fkays5o@nymag.com
206,Addison,Ciccarello,aciccarello5p@ning.com
207,Johnathon,Prewett,jprewett5q@dion.ne.jp
208,Wini,Mucklo,wmucklo5r@berkeley.edu
209,Janella,Phittiplace,jphittiplace5s@mediafire.com
210,Mei,Alexander,malexander5t@google.fr
211,Shay,Hendonson,shendonson5u@tamu.edu
212,Linoel,Spratt,lspratt5v@amazon.co.jp
213,Constancia,Blakeway,cblakeway5w@usda.gov
214,Ab,Gahagan,agahagan5x@yahoo.co.jp
215,Sheilah,Lambregts,slambregts5y@ed.gov
216,Melinde,Pitcock,mpitcock5z@japanpost.jp
217,Arley,Skipworth,askipworth60@nba.com
218,Sim,Surfleet,ssurfleet61@wisc.edu
219,Edvard,Linfitt,elinfitt62@google.co.uk
220,Alysa,Inchboard,ainchboard63@hostgator.com
221,Evelyn,Jouandet,ejouandet64@microsoft.com
222,Reynold,Barnard,rbarnard65@weather.com
223,Honor,Clifft,hclifft66@cmu.edu
224,Hagen,Espinas,hespinas67@tamu.edu
225,Carney,Sprowell,csprowell68@digg.com
226,Alfie,Chippendale,achippendale69@e-recht24.de
227,Herb,Santorini,hsantorini6a@netvibes.com
228,Lynnelle,Darington,ldarington6b@rediff.com
229,Tanhya,Scoyles,tscoyles6c@imgur.com
230,Kristine,Cosford,kcosford6d@xrea.com
231,Hallsy,Brandenberg,hbrandenberg6e@examiner.com
232,Stevie,Eyam,seyam6f@behance.net
233,Percy,Spittal,pspittal6g@goo.gl
234,Dorolisa,Barreau,dbarreau6h@yahoo.com
235,Brant,Lukovic,blukovic6i@163.com
236,Murielle,Zanetto,mzanetto6j@adobe.com
237,Darlleen,Siegertsz,dsiegertsz6k@army.mil
238,Maggie,Nazareth,mnazareth6l@examiner.com
239,Wyatan,Leppington,wleppington6m@senate.gov
240,Torin,Lintot,tlintot6n@shinystat.com
241,Ganny,Bolland,gbolland6o@photobucket.com
242,Blithe,Plinck,bplinck6p@github.com
243,Jory,Klejin,jklejin6q@wordpress.org
244,Serene,Okenfold,sokenfold6r@blogspot.com
245,Aymer,Swatland,aswatland6s@vkontakte.ru
246,Pattie,Hursthouse,phursthouse6t@mit.edu
247,Adrian,Allon,aallon6u@cyberchimps.com
248,Kara-lynn,Hulcoop,khulcoop6v@europa.eu
249,Nata,McKirdy,nmckirdy6w@va.gov
250,Kippar,Mabee,kmabee6x@wikipedia.org
251,Britni,Kerry,bkerry6y@vkontakte.ru
252,Marianna,Romao,mromao6z@irs.gov
253,Standford,Mayze,smayze70@guardian.co.uk
254,Frederica,Eykelhof,feykelhof71@goo.gl
255,Loraine,Grzelak,lgrzelak72@phoca.cz
256,Donna,Riedel,driedel73@independent.co.uk
257,Iggie,Delamaine,idelamaine74@umn.edu
258,Lucinda,Joscelyn,ljoscelyn75@gov.uk
259,Flem,Gladdifh,fgladdifh76@go.com
260,Conney,Blades,cblades77@example.com
261,Willey,Swindley,wswindley78@auda.org.au
262,Gabriel,Easen,geasen79@example.com
263,Jorey,Petrecz,jpetrecz7a@businesswire.com
264,Paige,Chancellor,pchancellor7b@surveymonkey.com
265,Noam,Ballston,nballston7c@fc2.com
266,Doris,Late,dlate7d@sciencedaily.com
267,Orland,Stodd,ostodd7e@wordpress.com
268,Dalt,Gribbell,dgribbell7f@columbia.edu
269,Linnell,Elph,lelph7g@yahoo.co.jp
270,Jakob,Perez,jperez7h@youtu.be
271,Beverly,Lidgard,blidgard7i@xinhuanet.com
272,Gilemette,Ayrton,gayrton7j@apache.org
273,Lilias,Vallery,lvallery7k@jimdo.com
274,Donnie,Dillicate,ddillicate7l@statcounter.com
275,Giff,Wimsett,gwimsett7m@flickr.com
276,Willow,Hatherell,whatherell7n@wunderground.com
277,Pamela,Saltsberger,psaltsberger7o@dagondesign.com
278,Gabbie,Alesin,galesin7p@wp.com
279,Everard,Rusbridge,erusbridge7q@tinyurl.com
280,Jacenta,Medlicott,jmedlicott7r@yahoo.co.jp
281,Fionnula,Addess,faddess7s@cdc.gov
282,Dani,Figure,dfigure7t@alexa.com
283,Donielle,Gurys,dgurys7u@squidoo.com
284,Roselia,Swainger,rswainger7v@usatoday.com
285,Lorine,Perelli,lperelli7w@wunderground.com
286,Pascal,Sausman,psausman7x@furl.net
287,Cecilia,Liddiatt,cliddiatt7y@networksolutions.com
288,Lona,Farran,lfarran7z@alexa.com
289,Earlie,Von Oertzen,evonoertzen80@mail.ru
290,Thomasin,Avrahm,tavrahm81@huffingtonpost.com
291,Denna,Golbourn,dgolbourn82@google.co.uk
292,Patin,Mulvy,pmulvy83@nhs.uk
293,Fancie,Clatworthy,fclatworthy84@storify.com
294,Eldon,Leete,eleete85@csmonitor.com
295,Melodie,Hatliffe,mhatliffe86@github.com
296,Shandee,Rallinshaw,srallinshaw87@freewebs.com
297,Boyce,Shingles,bshingles88@google.co.uk
298,Hanson,Rennick,hrennick89@dmoz.org
299,Rubie,German,rgerman8a@cdbaby.com
300,Fredrika,Prandini,fprandini8b@sphinn.com
301,Dode,Quinney,dquinney8c@comsenz.com
302,Peri,Lester,plester8d@nasa.gov
303,Trude,Gawthrope,tgawthrope8e@live.com
304,Farah,Hemphill,fhemphill8f@businessweek.com
305,Yelena,Hindrich,yhindrich8g@usgs.gov
306,Clair,Pollicott,cpollicott8h@baidu.com
307,Jasmine,Mellings,jmellings8i@skyrock.com
308,Randolph,Arpin,rarpin8j@oracle.com
309,Alejandra,Steckings,asteckings8k@weather.com
310,Davey,Agutter,dagutter8l@hc360.com
311,Xylina,Branford,xbranford8m@springer.com
312,Arte,Rameau,arameau8n@time.com
313,Myrtle,Bass,mbass8o@eventbrite.com
314,Sidonia,Panons,spanons8p@reddit.com
315,Constantina,Stirling,cstirling8q@intel.com
316,Verina,Thornally,vthornally8r@youtu.be
317,Melony,Seifenmacher,mseifenmacher8s@dailymail.co.uk
318,Lucien,Iacovone,liacovone8t@fema.gov
319,Renelle,Kornas,rkornas8u@columbia.edu
320,Emmerich,Louden,elouden8v@rambler.ru
321,Rozalie,Riddall,rriddall8w@cornell.edu
322,Marcello,Genery,mgenery8x@deliciousdays.com
323,Virginia,Faux,vfaux8y@telegraph.co.uk
324,Raphaela,Tow,rtow8z@google.pl
325,Gwen,Ritter,gritter90@istockphoto.com
326,Saree,Curcher,scurcher91@newyorker.com
327,Serge,Degli Abbati,sdegliabbati92@buzzfeed.com
328,Guss,Haggard,ghaggard93@mtv.com
329,Carolin,Cornels,ccornels94@uiuc.edu
330,Pavla,Johantges,pjohantges95@amazon.com
331,Freddi,Lyver,flyver96@ucoz.ru
332,Vanny,Tilley,vtilley97@prlog.org
333,Teresina,Conen,tconen98@jugem.jp
334,Eadith,Feighry,efeighry99@utexas.edu
335,Gerta,Urian,gurian9a@nbcnews.com
336,Sheila,Lebond,slebond9b@themeforest.net
337,Mag,Kynton,mkynton9c@weibo.com
338,Karin,Kinchley,kkinchley9d@illinois.edu
339,Temp,Smalman,tsmalman9e@house.gov
340,Adan,Erni,aerni9f@flavors.me
341,Cleve,Somerbell,csomerbell9g@ihg.com
342,Hubert,Readings,hreadings9h@privacy.gov.au
343,Maurine,Gwyther,mgwyther9i@bloglines.com
344,Keslie,Lenard,klenard9j@usatoday.com
345,Ruby,Spitaro,rspitaro9k@people.com.cn
346,Shanna,Heeley,sheeley9l@senate.gov
347,Jobina,Collocott,jcollocott9m@businesswire.com
348,Shurlock,Pleavin,spleavin9n@oaic.gov.au
349,Charlean,Brazel,cbrazel9o@twitter.com
350,Nobie,Lahiff,nlahiff9p@simplemachines.org
351,Jocko,Jasiak,jjasiak9q@hubpages.com
352,Lock,Mucci,lmucci9r@sitemeter.com
353,Jdavie,Redsell,jredsell9s@jiathis.com
354,Bernhard,Etridge,betridge9t@surveymonkey.com
355,Marilin,Suart,msuart9u@theatlantic.com
356,Velma,Louche,vlouche9v@redcross.org
357,Welch,Cawthorne,wcawthorne9w@homestead.com
358,Gerladina,McKeran,gmckeran9x@goo.gl
359,Joelly,Kear,jkear9y@printfriendly.com
360,Penelope,Dahlbom,pdahlbom9z@vk.com
361,Ava,Deverell,adeverella0@instagram.com
362,Rheba,Grinov,rgrinova1@a8.net
363,Matthaeus,Randal,mrandala2@lulu.com
364,Verge,Jeffries,vjeffriesa3@diigo.com
365,Cherilynn,Mechic,cmechica4@java.com
366,Berrie,Joddins,bjoddinsa5@studiopress.com
367,Daisie,Daunay,ddaunaya6@wikimedia.org
368,Concordia,Sate,csatea7@illinois.edu
369,Antony,Schoenleiter,aschoenleitera8@yolasite.com
370,Sophie,Maine,smainea9@weather.com
371,Nathalia,Kegg,nkeggaa@army.mil
372,Chen,Rispen,crispenab@macromedia.com
373,Laughton,Gryglewski,lgryglewskiac@tiny.cc
374,Stillmann,Goodier,sgoodierad@zimbio.com
375,Edwina,McChruiter,emcchruiterae@usgs.gov
376,Baily,Whittingham,bwhittinghamaf@senate.gov
377,Rhea,Maccari,rmaccariag@springer.com
378,Rickie,Powles,rpowlesah@purevolume.com
379,Galvan,Rouby,groubyai@buzzfeed.com
380,Bellanca,Kibel,bkibelaj@cdbaby.com
381,Keefe,Hounsom,khounsomak@icq.com
382,Lisle,Yeulet,lyeuletal@nih.gov
383,Raynard,Dannohl,rdannohlam@ted.com
384,Lindsey,Payne,lpaynean@zdnet.com
385,Hollie,Poston,hpostonao@smh.com.au
386,Molli,Mellows,mmellowsap@twitter.com
387,Abbot,Robbeke,arobbekeaq@goo.ne.jp
388,Massimo,Utton,muttonar@free.fr
389,Feliza,Stoffers,fstoffersas@patch.com
390,Robena,Kench,rkenchat@narod.ru
391,Shurlock,Murdy,smurdyau@businessinsider.com
392,Yoko,Segeswoeth,ysegeswoethav@php.net
393,Beauregard,Feely,bfeelyaw@uiuc.edu
394,Seline,McAulay,smcaulayax@4shared.com
395,Alanah,Semiras,asemirasay@freewebs.com
396,Karlotta,Crowcombe,kcrowcombeaz@timesonline.co.uk
397,Abran,Otto,aottob0@independent.co.uk
398,Dannie,Penney,dpenneyb1@zdnet.com
399,Deonne,Hitscher,dhitscherb2@thetimes.co.uk
400,Germayne,Southerns,gsouthernsb3@weibo.com
401,Jesse,Phillis,jphillisb4@acquirethisname.com
402,Janet,Keyho,jkeyhob5@gizmodo.com
403,Florenza,O'Cooney,focooneyb6@soundcloud.com
404,Emmery,Scotford,escotfordb7@springer.com
405,Geralda,Burnett,gburnettb8@nasa.gov
406,Lynne,Toynbee,ltoynbeeb9@un.org
407,Bethina,Pougher,bpougherba@tumblr.com
408,Doris,Trevallion,dtrevallionbb@about.me
409,Katerine,Mokes,kmokesbc@sbwire.com
410,Dorene,Law,dlawbd@hostgator.com
411,Leon,O'Hone,lohonebe@usda.gov
412,Jerald,Slimon,jslimonbf@ox.ac.uk
413,Paulina,Joselson,pjoselsonbg@hexun.com
414,Nealy,Stormonth,nstormonthbh@github.io
415,Prudence,Jardein,pjardeinbi@skype.com
416,Marice,McMains,mmcmainsbj@cdc.gov
417,Arin,Gravestone,agravestonebk@stanford.edu
418,Catina,Arnould,carnouldbl@wikipedia.org
419,Johnath,Rolfo,jrolfobm@omniture.com
420,Lorne,Sharratt,lsharrattbn@dailymail.co.uk
421,Scot,Moreby,smorebybo@spiegel.de
422,Jocko,Mussen,jmussenbp@cocolog-nifty.com
423,Kelsey,Redler,kredlerbq@diigo.com
424,Micky,Dietzler,mdietzlerbr@nytimes.com
425,Shaun,Bonhill,sbonhillbs@java.com
426,Stanton,Tabourin,stabourinbt@opera.com
427,Merrile,Gulberg,mgulbergbu@blogger.com
428,Robena,Mostyn,rmostynbv@ebay.co.uk
429,Ericka,Poser,eposerbw@uiuc.edu
430,Charline,Machent,cmachentbx@paypal.com
431,Ethelin,Cicchinelli,ecicchinelliby@princeton.edu
432,Lezlie,Churchley,lchurchleybz@tinypic.com
433,Tammi,Bish,tbishc0@dagondesign.com
434,Welsh,Fraschetti,wfraschettic1@guardian.co.uk
435,Thea,Janc,tjancc2@typepad.com
436,Delano,Island,dislandc3@adobe.com
437,Ned,Domino,ndominoc4@pbs.org
438,Jenni,Mingaud,jmingaudc5@sphinn.com
439,Afton,Burdis,aburdisc6@google.co.jp
440,Barclay,McKane,bmckanec7@gmpg.org
441,Mickie,Weetch,mweetchc8@cbslocal.com
442,Ethelbert,Cotterell,ecotterellc9@last.fm
443,Ingmar,Redwin,iredwinca@bigcartel.com
444,Gianina,Dishmon,gdishmoncb@eepurl.com
445,Berny,Mound,bmoundcc@bbc.co.uk
446,Gabriello,Copsey,gcopseycd@nhs.uk
447,Ken,Hembling,khemblingce@bluehost.com
448,Catina,Sey,cseycf@sfgate.com
449,Homer,Collar,hcollarcg@google.ru
450,Ignatius,Bargh,ibarghch@archive.org
451,Nilson,Fetter,nfetterci@discuz.net
452,Mirabel,Wortley,mwortleycj@yale.edu
453,Lambert,Romanelli,lromanellick@nifty.com
454,Ronica,Coldtart,rcoldtartcl@mac.com
455,Calla,Gritten,cgrittencm@meetup.com
456,Rosemary,Flinn,rflinncn@biglobe.ne.jp
457,Judi,Quoit,jquoitco@shutterfly.com
458,Justin,Launder,jlaundercp@nature.com
459,Melosa,Pomfrett,mpomfrettcq@sakura.ne.jp
460,Marja,Bankes,mbankescr@dell.com
461,Haskell,Prazor,hprazorcs@icq.com
462,Linea,Mawby,lmawbyct@omniture.com
463,Alison,Sherrell,asherrellcu@europa.eu
464,Moore,Quinnelly,mquinnellycv@surveymonkey.com
465,Robinet,Wernher,rwernhercw@mozilla.com
466,Burch,Rolf,brolfcx@baidu.com
467,Avril,Luxen,aluxency@earthlink.net
468,Lucias,Dilgarno,ldilgarnocz@apple.com
469,Jany,McWhin,jmcwhind0@mtv.com
470,Cindee,Hands,chandsd1@columbia.edu
471,Rubi,Pele,rpeled2@alexa.com
472,Cecelia,Van Geffen,cvangeffend3@wunderground.com
473,Lidia,MacCaull,lmaccaulld4@sitemeter.com
474,Ward,Vaillant,wvaillantd5@dot.gov
475,Margi,Dupre,mdupred6@behance.net
476,Amelina,Malkie,amalkied7@ycombinator.com
477,Briano,Pavlik,bpavlikd8@whitehouse.gov
478,Nickolas,Rolph,nrolphd9@vimeo.com
479,Tildie,Szach,tszachda@google.co.uk
480,Lorri,Basford,lbasforddb@statcounter.com
481,Barrett,Miko,bmikodc@amazon.com
482,Kandace,Cholerton,kcholertondd@cmu.edu
483,Marguerite,Logsdale,mlogsdalede@adobe.com
484,Antons,Crocken,acrockendf@themeforest.net
485,Cherilynn,Stollenhof,cstollenhofdg@hhs.gov
486,Nicol,Sindell,nsindelldh@sciencedaily.com
487,Brose,Quernel,bquerneldi@wikia.com
488,Shelia,Rase,srasedj@ifeng.com
489,Susette,Allin,sallindk@cpanel.net
490,Isaak,Hellings,ihellingsdl@surveymonkey.com
491,Joshua,Beynke,jbeynkedm@apache.org
492,Mathilde,Lamonby,mlamonbydn@quantcast.com
493,Marcellus,Ambroz,mambrozdo@google.cn
494,Jerrie,Attewill,jattewilldp@ow.ly
495,Jeanelle,Goslin,jgoslindq@histats.com
496,Terese,Powland,tpowlanddr@google.co.jp
497,Silvie,Penketh,spenkethds@omniture.com
498,Evangeline,Atwell,eatwelldt@amazon.de
499,Eben,Keeping,ekeepingdu@ask.com
500,Allyn,Gytesham,agyteshamdv@hatena.ne.jp
501,Mathias,Amy,mamydw@mit.edu
502,Godwin,Vanelli,gvanellidx@utexas.edu
503,Freddi,Aggott,faggottdy@mail.ru
504,Phoebe,Bewshire,pbewshiredz@tmall.com
505,Stearn,Coulsen,scoulsene0@lulu.com
506,Randi,Darley,rdarleye1@xinhuanet.com
507,Martainn,Habron,mhabrone2@tumblr.com
508,Elsa,Couser,ecousere3@timesonline.co.uk
509,Prentice,McGilmartin,pmcgilmartine4@smh.com.au
510,Marven,Gathercole,mgathercolee5@nature.com
511,Daveta,Penfold,dpenfolde6@quantcast.com
512,Geraldine,Ilymanov,gilymanove7@taobao.com
513,Nannette,Cankett,ncankette8@godaddy.com
514,Archambault,Minard,aminarde9@unblog.fr
515,Adelaida,Langmuir,alangmuirea@go.com
516,Matty,Bennike,mbennikeeb@blinklist.com
517,Vern,Seward,vsewardec@domainmarket.com
518,Tanney,Veal,tvealed@theglobeandmail.com
519,Shani,Winchurst,swinchurstee@acquirethisname.com
520,Stern,Glison,sglisonef@geocities.jp
521,Valerie,Austen,vausteneg@opera.com
522,Jefferson,Rickford,jrickfordeh@bluehost.com
523,Archie,Found,afoundei@myspace.com
524,Ebba,Knowlden,eknowldenej@bandcamp.com
525,Rancell,Dimond,rdimondek@google.fr
526,Nataniel,Parkyn,nparkynel@yahoo.com
527,Jeff,Castelijn,jcastelijnem@discovery.com
528,Daniela,Stephens,dstephensen@dailymail.co.uk
529,Fons,Hatton,fhattoneo@digg.com
530,Dorie,Souza,dsouzaep@samsung.com
531,Rafaelita,Satch,rsatcheq@lycos.com
532,Olva,Warlaw,owarlawer@theatlantic.com
533,Florian,Moncreiff,fmoncreiffes@weebly.com
534,Alicea,Spleving,asplevinget@about.me
535,Averil,Fruin,afruineu@answers.com
536,Leanna,Delany,ldelanyev@mit.edu
537,Estel,Terzo,eterzoew@google.com
538,Giacobo,Braferton,gbrafertonex@youtu.be
539,Ella,Dummer,edummerey@state.gov
540,Farrel,Ewebank,fewebankez@surveymonkey.com
541,Bernardine,Eardley,beardleyf0@marriott.com
542,Carole,Gozney,cgozneyf1@tripod.com
543,Stanislaus,Sans,ssansf2@sourceforge.net
544,Pet,Houdmont,phoudmontf3@hubpages.com
545,Cyndia,George,cgeorgef4@godaddy.com
546,Buck,Brophy,bbrophyf5@vinaora.com
547,Deerdre,Clarke-Williams,dclarkewilliamsf6@live.com
548,Lisbeth,Coalburn,lcoalburnf7@nsw.gov.au
549,Junie,Barras,jbarrasf8@symantec.com
550,Clem,Labdon,clabdonf9@vkontakte.ru
551,Sissie,Veale,svealefa@myspace.com
552,Yule,Duesberry,yduesberryfb@github.com
553,Robinetta,Poland,rpolandfc@spiegel.de
554,Torin,Lodwick,tlodwickfd@1688.com
555,Lolly,Fearnehough,lfearnehoughfe@artisteer.com
556,Jaquith,Korpolak,jkorpolakff@amazon.de
557,Jilli,Bodycote,jbodycotefg@amazon.co.uk
558,Guillemette,Glanvill,gglanvillfh@dell.com
559,Roobbie,Treacher,rtreacherfi@webeden.co.uk
560,Tildi,Elbourne,telbournefj@eepurl.com
561,Elton,Vanyukhin,evanyukhinfk@discuz.net
562,Everett,Mellish,emellishfl@bluehost.com
563,Kathrine,Dury,kduryfm@dedecms.com
564,Ester,Davidofski,edavidofskifn@elegantthemes.com
565,Karil,Salmen,ksalmenfo@naver.com
566,Tanya,Pockey,tpockeyfp@mit.edu
567,Carree,Ambrosoli,cambrosolifq@qq.com
568,Hermione,Fairbanks,hfairbanksfr@npr.org
569,Ezra,Diem,ediemfs@liveinternet.ru
570,Maisie,Oliva,molivaft@privacy.gov.au
571,Lindsay,Niles,lnilesfu@woothemes.com
572,Emilia,Loftie,eloftiefv@microsoft.com
573,Upton,Hatzar,uhatzarfw@alexa.com
574,Rosaleen,Heighway,rheighwayfx@un.org
575,Gearard,Bewshire,gbewshirefy@addthis.com
576,Wileen,Geering,wgeeringfz@europa.eu
577,Nalani,Goldstein,ngoldsteing0@godaddy.com
578,Caspar,Spileman,cspilemang1@archive.org
579,Vilma,Brise,vbriseg2@themeforest.net
580,Forester,Akhurst,fakhurstg3@mozilla.org
581,Norri,Greenwell,ngreenwellg4@reuters.com
582,Winfield,Hilling,whillingg5@thetimes.co.uk
583,Aubree,Sabbin,asabbing6@baidu.com
584,Toby,Khristoforov,tkhristoforovg7@angelfire.com
585,Marya,Brydson,mbrydsong8@ovh.net
586,Sigismond,Fielden,sfieldeng9@google.nl
587,Wylie,Jeness,wjenessga@ning.com
588,Thorn,Pomphrey,tpomphreygb@springer.com
589,Moreen,Mechell,mmechellgc@microsoft.com
590,Dacey,Peartree,dpeartreegd@eventbrite.com
591,Bernette,Fasham,bfashamge@ucsd.edu
592,Giustina,Sinnett,gsinnettgf@psu.edu
593,Roddy,Lorden,rlordengg@amazon.com
594,Elyn,Petrov,epetrovgh@hatena.ne.jp
595,Katlin,Chalfant,kchalfantgi@blogs.com
596,Quent,Dovidaitis,qdovidaitisgj@biglobe.ne.jp
597,Sebastien,Killeen,skilleengk@blogger.com
598,Raquela,Cullington,rcullingtongl@ca.gov
599,Brynna,MacNeish,bmacneishgm@tamu.edu
600,Humfried,Insoll,hinsollgn@fotki.com
601,Ellis,Whiteland,ewhitelandgo@php.net
602,Pauline,Abry,pabrygp@livejournal.com
603,Cherrita,Kennermann,ckennermanngq@cisco.com
604,Twila,Woehler,twoehlergr@furl.net
605,Stephan,Sargant,ssargantgs@guardian.co.uk
606,Amaleta,Harrap,aharrapgt@feedburner.com
607,Giorgia,Whitmell,gwhitmellgu@last.fm
608,Mitchell,Wraighte,mwraightegv@nasa.gov
609,Gretna,Kinnon,gkinnongw@latimes.com
610,Angelica,Andrin,aandringx@pcworld.com
611,Billy,Cherrett,bcherrettgy@multiply.com
612,Reagan,Etteridge,retteridgegz@answers.com
613,Edd,Sunley,esunleyh0@feedburner.com
614,Rosette,Normanell,rnormanellh1@statcounter.com
615,Patricio,Kenn,pkennh2@independent.co.uk
616,Krista,Gaskarth,kgaskarthh3@rakuten.co.jp
617,Fin,Rekes,frekesh4@upenn.edu
618,Rowena,Danbrook,rdanbrookh5@hostgator.com
619,Vanni,Fitzsymonds,vfitzsymondsh6@tmall.com
620,Hubie,Stave,hstaveh7@engadget.com
621,Alexis,Bryson,abrysonh8@t.co
622,Blanch,Eaton,beatonh9@instagram.com
623,Amalie,Bondley,abondleyha@meetup.com
624,Benny,Tellesson,btellessonhb@tiny.cc
625,Fionna,Tindle,ftindlehc@engadget.com
626,Kimbra,Alsop,kalsophd@addtoany.com
627,Gayler,Kerfod,gkerfodhe@mozilla.com
628,Tamra,Larimer,tlarimerhf@ox.ac.uk
629,Lara,Ruppertz,lruppertzhg@abc.net.au
630,Cherish,Edgeler,cedgelerhh@barnesandnoble.com
631,Silvia,Skurray,sskurrayhi@bloomberg.com
632,Nissie,Goldstraw,ngoldstrawhj@cam.ac.uk
633,Ekaterina,Shale,eshalehk@google.com.hk
634,Aime,Kurth,akurthhl@yelp.com
635,Chester,McDell,cmcdellhm@booking.com
636,Steffane,Grundon,sgrundonhn@digg.com
637,Carlin,Hidderley,chidderleyho@umn.edu
638,Conant,Andrieux,candrieuxhp@sciencedirect.com
639,Tabor,Hotson,thotsonhq@baidu.com
640,Quintina,Skym,qskymhr@omniture.com
641,Dimitry,Brumhead,dbrumheadhs@uiuc.edu
642,Patton,Meaton,pmeatonht@gizmodo.com
643,Ninnetta,Jiruch,njiruchhu@netlog.com
644,Mariquilla,Lockier,mlockierhv@ed.gov
645,Prisca,Cogman,pcogmanhw@weibo.com
646,Israel,Simonyi,isimonyihx@skype.com
647,Claudio,Bradnum,cbradnumhy@ucsd.edu
648,Lenette,Wiltsher,lwiltsherhz@google.pl
649,Eugenio,Fairchild,efairchildi0@google.co.uk
650,Mahala,Zanazzi,mzanazzii1@paypal.com
651,Margaux,Cherrington,mcherringtoni2@samsung.com
652,Leoine,Amar,lamari3@flickr.com
653,Nappie,Corcut,ncorcuti4@virginia.edu
654,Louise,Etherington,letheringtoni5@ibm.com
655,Jean,Aldis,jaldisi6@wix.com
656,Griffith,Manie,gmaniei7@istockphoto.com
657,Marrilee,O'Lahy,molahyi8@cmu.edu
658,Gregorius,Klemensiewicz,gklemensiewiczi9@canalblog.com
659,Cleo,Boother,cbootheria@dailymail.co.uk
660,Reiko,Langton,rlangtonib@wufoo.com
661,Elora,Jansik,ejansikic@netlog.com
662,Zora,Gooderick,zgooderickid@umich.edu
663,Ara,Allcock,aallcockie@yellowbook.com
664,Jami,Corps,jcorpsif@free.fr
665,Patton,MacPaik,pmacpaikig@howstuffworks.com
666,Debi,Reese,dreeseih@instagram.com
667,Trace,Langthorn,tlangthornii@hhs.gov
668,Joshuah,Ruoff,jruoffij@foxnews.com
669,Tamera,Carl,tcarlik@telegraph.co.uk
670,Dasya,Feye,dfeyeil@answers.com
671,Inglebert,Parkyn,iparkynim@google.com.br
672,Jaclin,Onge,jongein@newsvine.com
673,Toiboid,Isenor,tisenorio@weebly.com
674,Marcelia,Strewthers,mstrewthersip@dyndns.org
675,Kylila,Wands,kwandsiq@networksolutions.com
676,Reinald,Whal,rwhalir@comsenz.com
677,Adriaens,Verny,avernyis@technorati.com
678,Lorelei,Blouet,lblouetit@xrea.com
679,Shena,Kidsley,skidsleyiu@gov.uk
680,De witt,Fowgies,dfowgiesiv@google.com.hk
681,Lorin,de Voiels,ldevoielsiw@yahoo.co.jp
682,Daniel,Louw,dlouwix@tinyurl.com
683,Laurie,Engledow,lengledowiy@fastcompany.com
684,Morie,Rishworth,mrishworthiz@mozilla.com
685,Bevin,Lafuente,blafuentej0@twitter.com
686,Merline,Yoskowitz,myoskowitzj1@shareasale.com
687,Charisse,Yelden,cyeldenj2@wikipedia.org
688,Kingston,Murrie,kmurriej3@addtoany.com
689,Kimball,Fearby,kfearbyj4@histats.com
690,Stephen,Munkley,smunkleyj5@de.vu
691,Chaunce,Riolfo,criolfoj6@qq.com
692,Joey,Jacob,jjacobj7@comcast.net
693,Lanita,Aizikovich,laizikovichj8@msu.edu
694,Francene,Sherr,fsherrj9@blinklist.com
695,Gayleen,Heisler,gheislerja@dell.com
696,Camey,Barford,cbarfordjb@de.vu
697,Mortie,Feldmesser,mfeldmesserjc@bravesites.com
698,Cosetta,Sinnott,csinnottjd@dedecms.com
699,Arlee,Curran,acurranje@networkadvertising.org
700,Cortie,Thurnham,cthurnhamjf@reddit.com
701,Agnesse,Breyt,abreytjg@google.de
702,Erica,McKelvey,emckelveyjh@cornell.edu
703,Garfield,Rivitt,grivittji@hp.com
704,Broddy,Grzegorecki,bgrzegoreckijj@mapy.cz
705,Holly,Ander,handerjk@rediff.com
706,Gauthier,Engeham,gengehamjl@hubpages.com
707,Albina,Cleeton,acleetonjm@miibeian.gov.cn
708,Chester,Lening,cleningjn@admin.ch
709,Penelopa,Beste,pbestejo@studiopress.com
710,Coop,Chawner,cchawnerjp@symantec.com
711,Germayne,Osipenko,gosipenkojq@google.ru
712,Ransom,Snook,rsnookjr@google.de
713,Rachelle,Pirazzi,rpirazzijs@sourceforge.net
714,Allen,Gorelli,agorellijt@bluehost.com
715,Sapphira,Holburn,sholburnju@canalblog.com
716,Aryn,Scarffe,ascarffejv@wisc.edu
717,Mozelle,McAlister,mmcalisterjw@adobe.com
718,Evan,Brain,ebrainjx@pagesperso-orange.fr
719,Aubry,Jayme,ajaymejy@joomla.org
720,Salvidor,Golsby,sgolsbyjz@japanpost.jp
721,Karlan,Legonidec,klegonideck0@google.fr
722,Nonah,Whipple,nwhipplek1@mediafire.com
723,Cindelyn,De Biasio,cdebiasiok2@yellowbook.com
724,Stewart,Bulleyn,sbulleynk3@woothemes.com
725,Nero,Gaddesby,ngaddesbyk4@github.io
726,Rona,Enticott,renticottk5@virginia.edu
727,Bette,Grahlman,bgrahlmank6@chicagotribune.com
728,Yovonnda,Polle,ypollek7@ibm.com
729,Osborne,Bantham,obanthamk8@webmd.com
730,Catherin,Collingwood,ccollingwoodk9@angelfire.com
731,Bernadene,Balsellie,bbalsellieka@liveinternet.ru
732,Marla,Rockingham,mrockinghamkb@wp.com
733,Tonye,Kedwell,tkedwellkc@tinyurl.com
734,Merridie,Blackhall,mblackhallkd@merriam-webster.com
735,Clemente,Mantrup,cmantrupke@netlog.com
736,Emelda,Endle,eendlekf@spiegel.de
737,Briny,Cattini,bcattinikg@devhub.com
738,Levon,Brik,lbrikkh@cargocollective.com
739,Abby,Handscombe,ahandscombeki@apache.org
740,Guntar,Papez,gpapezkj@goodreads.com
741,Yovonnda,Stanner,ystannerkk@tinyurl.com
742,Kalina,Lamdin,klamdinkl@theglobeandmail.com
743,Deerdre,Domleo,ddomleokm@naver.com
744,Paul,O'Doherty,podohertykn@nydailynews.com
745,Kittie,Fenty,kfentyko@google.pl
746,Marcelline,Castri,mcastrikp@woothemes.com
747,Noah,Cisec,nciseckq@myspace.com
748,Tomaso,Bickersteth,tbickerstethkr@google.co.jp
749,Tristam,Dunmore,tdunmoreks@topsy.com
750,Daune,Jirak,djirakkt@google.com.au
751,Wyatan,Yaakov,wyaakovku@hhs.gov
752,Kimberly,Ivanenkov,kivanenkovkv@npr.org
753,Christi,Lohan,clohankw@techcrunch.com
754,Keen,Abbets,kabbetskx@telegraph.co.uk
755,Ario,Siflet,asifletky@google.ca
756,Michale,Hibbart,mhibbartkz@amazon.de
757,Gabrielle,Vallintine,gvallintinel0@fc2.com
758,Leigha,Peddel,lpeddell1@goo.gl
759,Ramonda,Tincey,rtinceyl2@who.int
760,Roderich,Sweetzer,rsweetzerl3@webs.com
761,Fawnia,Candy,fcandyl4@miibeian.gov.cn
762,Frederic,Norbury,fnorburyl5@angelfire.com
763,Hadrian,Dechelette,hdechelettel6@indiegogo.com
764,Maison,Krysztofowicz,mkrysztofowiczl7@printfriendly.com
765,Filbert,Panner,fpannerl8@naver.com
766,Darelle,Georgeou,dgeorgeoul9@barnesandnoble.com
767,Giff,Papen,gpapenla@noaa.gov
768,Brandise,Howden,bhowdenlb@princeton.edu
769,Emilie,Kirton,ekirtonlc@macromedia.com
770,Tom,Stedell,tstedellld@paypal.com
771,Georgiana,Picardo,gpicardole@wired.com
772,Marion,Fields,mfieldslf@sphinn.com
773,Livvyy,Ozelton,lozeltonlg@hc360.com
774,Gregorius,Lutzmann,glutzmannlh@usgs.gov
775,Alia,Rosenstock,arosenstockli@boston.com
776,Silas,Dallyn,sdallynlj@whitehouse.gov
777,Norton,Stedell,nstedelllk@utexas.edu
778,Celestine,Nacci,cnaccill@opensource.org
779,Aluin,Thornborrow,athornborrowlm@tiny.cc
780,Cordie,Eim,ceimln@webmd.com
781,Tomlin,McIlmorow,tmcilmorowlo@bloomberg.com
782,Felita,Egdal,fegdallp@w3.org
783,Benny,Nasey,bnaseylq@csmonitor.com
784,Alexia,Lauthian,alauthianlr@gravatar.com
785,Kiele,Collecott,kcollecottls@booking.com
786,Lynnett,Dallaway,ldallawaylt@facebook.com
787,Margy,Haughey,mhaugheylu@businessweek.com
788,Terri,Skate,tskatelv@china.com.cn
789,Jocelyn,Liepins,jliepinslw@mysql.com
790,Vina,Heakey,vheakeylx@mit.edu
791,Rhody,Sawle,rsawlely@etsy.com
792,Netti,Tume,ntumelz@angelfire.com
793,Rosamund,Surcomb,rsurcombm0@yahoo.co.jp
794,Daryl,Leile,dleilem1@icq.com
795,Aigneis,MacFarland,amacfarlandm2@rediff.com
796,Colette,Bouzan,cbouzanm3@arstechnica.com
797,Rycca,Jewel,rjewelm4@prlog.org
798,Kacie,Standish,kstandishm5@g.co
799,Jemima,Nicol,jnicolm6@bluehost.com
800,Veriee,Volkers,vvolkersm7@google.com.hk
801,Otis,Tyndall,otyndallm8@wired.com
802,Binnie,Eisig,beisigm9@intel.com
803,Brittany,Pool,bpoolma@merriam-webster.com
804,Mart,Scothern,mscothernmb@artisteer.com
805,Yoko,Kunes,ykunesmc@livejournal.com
806,Ximenez,Hillaby,xhillabymd@artisteer.com
807,Frannie,Pellett,fpellettme@yale.edu
808,Duky,Bellenie,dbelleniemf@ucsd.edu
809,Teodor,Clement,tclementmg@weebly.com
810,Lydie,Yaneev,lyaneevmh@shutterfly.com
811,Lillian,Maffeo,lmaffeomi@posterous.com
812,Amara,Skitral,askitralmj@upenn.edu
813,Gregoor,Luberti,glubertimk@bizjournals.com
814,Nelie,Reddish,nreddishml@friendfeed.com
815,Amandi,Andrichuk,aandrichukmm@wunderground.com
816,Wes,Cobbing,wcobbingmn@about.me
817,Anneliese,Wallege,awallegemo@nationalgeographic.com
818,Bradly,Kivits,bkivitsmp@zdnet.com
819,Barr,Birney,bbirneymq@hatena.ne.jp
820,Kale,Ladbrook,kladbrookmr@soup.io
821,Suzette,Leggott,sleggottms@icq.com
822,Nada,Pearse,npearsemt@qq.com
823,Talya,Conwell,tconwellmu@naver.com
824,Melesa,Frissell,mfrissellmv@imdb.com
825,Harcourt,Leyton,hleytonmw@webs.com
826,Allsun,Dallmann,adallmannmx@smugmug.com
827,Baillie,Chaise,bchaisemy@squarespace.com
828,Micki,Huggon,mhuggonmz@admin.ch
829,Devland,Stainbridge,dstainbridgen0@webnode.com
830,Mil,Flanagan,mflanagann1@usda.gov
831,Carmelita,Phizackarley,cphizackarleyn2@cornell.edu
832,Karola,Serrurier,kserruriern3@geocities.com
833,Wanda,Tinn,wtinnn4@1und1.de
834,Drucy,Tockell,dtockelln5@alibaba.com
835,Sylvia,Mulhall,smulhalln6@who.int
836,Vera,Houseman,vhousemann7@squidoo.com
837,Andrei,Olivie,aolivien8@themeforest.net
838,Ernest,Zmitrovich,ezmitrovichn9@bravesites.com
839,Juliette,Gillibrand,jgillibrandna@moonfruit.com
840,Isacco,Everly,ieverlynb@yahoo.co.jp
841,Ikey,Hurley,ihurleync@tumblr.com
842,Natka,Bert,nbertnd@yelp.com
843,Arlene,Sidebottom,asidebottomne@dyndns.org
844,Nicholle,Casley,ncasleynf@economist.com
845,Gnni,McGerr,gmcgerrng@ebay.com
846,Mikol,Lanfere,mlanferenh@google.co.jp
847,Crystal,Selvester,cselvesterni@yellowbook.com
848,Sumner,Hevner,shevnernj@admin.ch
849,Elayne,Boyan,eboyannk@php.net
850,Adaline,Cockerell,acockerellnl@mashable.com
851,Eb,Glowach,eglowachnm@epa.gov
852,Lazaro,Brunton,lbruntonnn@mozilla.org
853,Kendricks,Veazey,kveazeyno@tiny.cc
854,Jaquelyn,Blanckley,jblanckleynp@businesswire.com
855,Dale,Macallam,dmacallamnq@dyndns.org
856,Natala,Derrington,nderringtonnr@blogs.com
857,Corenda,Killby,ckillbyns@amazon.co.jp
858,Lonny,Waggett,lwaggettnt@mozilla.com
859,Aime,Izakovitz,aizakovitznu@chicagotribune.com
860,Catherin,Graybeal,cgraybealnv@google.com
861,Sue,Fulop,sfulopnw@dailymotion.com
862,Albert,Prier,apriernx@simplemachines.org
863,Kalindi,Cheshire,kcheshireny@infoseek.co.jp
864,Haven,Haselden,hhaseldennz@samsung.com
865,Brandyn,Dutch,bdutcho0@webeden.co.uk
866,Viviyan,Foister,vfoistero1@ftc.gov
867,Lou,Kimbly,lkimblyo2@lycos.com
868,Sloan,Pierson,spiersono3@amazonaws.com
869,Isadora,Casini,icasinio4@rakuten.co.jp
870,Harry,Jacquemet,hjacquemeto5@symantec.com
871,Monte,Pietruschka,mpietruschkao6@homestead.com
872,Allan,Diament,adiamento7@businesswire.com
873,Roddie,Castilla,rcastillao8@diigo.com
874,Francisco,Dmisek,fdmiseko9@cpanel.net
875,Forester,Fishbourne,ffishbourneoa@macromedia.com
876,Blakelee,Lehmann,blehmannob@alibaba.com
877,Gloria,Sanbroke,gsanbrokeoc@constantcontact.com
878,Clyve,Chapier,cchapierod@rambler.ru
879,Helenka,Killby,hkillbyoe@tmall.com
880,Elsinore,Hise,ehiseof@google.nl
881,Darryl,Garmons,dgarmonsog@biglobe.ne.jp
882,Orlan,Maciunas,omaciunasoh@jigsy.com
883,Kakalina,Emlyn,kemlynoi@wikipedia.org
884,Karena,Vance,kvanceoj@imdb.com
885,Yuri,Pallent,ypallentok@biglobe.ne.jp
886,Kerwinn,McCrea,kmccreaol@zimbio.com
887,Ame,Skittrall,askittrallom@printfriendly.com
888,Tabitha,Langelay,tlangelayon@google.ca
889,Emily,O'Crevan,eocrevanoo@sitemeter.com
890,Arleyne,Redman,aredmanop@sciencedaily.com
891,Marybelle,Gallon,mgallonoq@feedburner.com
892,Neila,McAlroy,nmcalroyor@prnewswire.com
893,Hubey,Smallwood,hsmallwoodos@blogtalkradio.com
894,Marmaduke,Asple,maspleot@tripadvisor.com
895,Aeriel,Strank,astrankou@si.edu
896,Isiahi,Kent,ikentov@ehow.com
897,Tristan,Dyte,tdyteow@ibm.com
898,Hailey,Marns,hmarnsox@google.ca
899,Fairfax,Pittoli,fpittolioy@omniture.com
900,Bil,Hallaways,bhallawaysoz@soup.io
901,Noland,Rumsby,nrumsbyp0@bloglines.com
902,Izzy,Manolov,imanolovp1@hugedomains.com
903,Sapphire,Bambra,sbambrap2@soundcloud.com
904,Cart,Kelberer,ckelbererp3@webnode.com
905,Riordan,Carnier,rcarnierp4@biblegateway.com
906,Enoch,Corben,ecorbenp5@google.ru
907,Glen,Kornyakov,gkornyakovp6@technorati.com
908,Torey,Boyack,tboyackp7@boston.com
909,Roch,Ambrozik,rambrozikp8@howstuffworks.com
910,Richart,De Witt,rdewittp9@umich.edu
911,Jean,Squire,jsquirepa@delicious.com
912,Darb,Armall,darmallpb@un.org
913,Meara,Whitehouse,mwhitehousepc@blogger.com
914,Kacie,Beasley,kbeasleypd@bandcamp.com
915,Massimo,Quodling,mquodlingpe@discuz.net
916,Kassandra,Trebble,ktrebblepf@tuttocitta.it
917,Monika,MacCard,mmaccardpg@scribd.com
918,Rozalin,Bindin,rbindinph@nhs.uk
919,Shannen,O'Hingerty,sohingertypi@privacy.gov.au
920,Rois,Caroli,rcarolipj@ucla.edu
921,Colin,Narracott,cnarracottpk@loc.gov
922,Isidore,Cundy,icundypl@ycombinator.com
923,Edmund,Pill,epillpm@harvard.edu
924,Meridith,Curryer,mcurryerpn@shareasale.com
925,Fowler,Jowsey,fjowseypo@de.vu
926,Pacorro,Casiroli,pcasirolipp@pagesperso-orange.fr
927,Mace,Attenbarrow,mattenbarrowpq@twitter.com
928,Estele,Bartolomeu,ebartolomeupr@abc.net.au
929,Mirilla,MacTeague,mmacteagueps@ihg.com
930,Nathanial,Rosenbaum,nrosenbaumpt@usda.gov
931,Emmalynn,Sabin,esabinpu@kickstarter.com
932,Kirbee,Fetters,kfetterspv@cam.ac.uk
933,Val,Magson,vmagsonpw@fastcompany.com
934,Milka,Stollman,mstollmanpx@meetup.com
935,Craggie,Cattow,ccattowpy@sbwire.com
936,Julio,Dearth,jdearthpz@ucsd.edu
937,Kalinda,Willets,kwilletsq0@yellowpages.com
938,Emmy,Arnison,earnisonq1@europa.eu
939,Bar,Bradly,bbradlyq2@ning.com
940,Ardis,Maase,amaaseq3@exblog.jp
941,Minny,Shenfish,mshenfishq4@va.gov
942,Reggie,Huttley,rhuttleyq5@squidoo.com
943,Alexandro,Hurll,ahurllq6@yelp.com
944,Herrick,Chantree,hchantreeq7@diigo.com
945,Curt,Dicken,cdickenq8@cisco.com
946,Dannie,Helliker,dhellikerq9@desdev.cn
947,Carina,Wisdom,cwisdomqa@bigcartel.com
948,Timothee,Hawney,thawneyqb@ameblo.jp
949,Fabien,Edmand,fedmandqc@etsy.com
950,Milicent,Mossop,mmossopqd@ocn.ne.jp
951,Violetta,Cockshoot,vcockshootqe@apple.com
952,Mackenzie,McFfaden,mmcffadenqf@taobao.com
953,Alford,Gerrey,agerreyqg@google.ca
954,Sheppard,Carlesi,scarlesiqh@goo.ne.jp
955,Davina,Masdin,dmasdinqi@e-recht24.de
956,Ewen,Forsdicke,eforsdickeqj@youku.com
957,Darwin,Crich,dcrichqk@flickr.com
958,Karleen,Ruttgers,kruttgersql@myspace.com
959,Tawsha,Corbie,tcorbieqm@slate.com
960,Tony,Prince,tprinceqn@tinyurl.com
961,Gunner,O'Farris,gofarrisqo@linkedin.com
962,Wildon,Vescovini,wvescoviniqp@usa.gov
963,Robenia,Padula,rpadulaqq@jiathis.com
964,Tawsha,Attle,tattleqr@addthis.com
965,Ursulina,Rounds,uroundsqs@samsung.com
966,Yuri,Boller,ybollerqt@scientificamerican.com
967,Brynn,Tackell,btackellqu@businessweek.com
968,Homerus,Malinowski,hmalinowskiqv@ibm.com
969,Florencia,Rye,fryeqw@rambler.ru
970,Jordanna,Maier,jmaierqx@bravesites.com
971,Eugene,Kopisch,ekopischqy@patch.com
972,Hube,Cornthwaite,hcornthwaiteqz@china.com.cn
973,Lorrie,Lapree,llapreer0@constantcontact.com
974,Camella,Dorking,cdorkingr1@ustream.tv
975,Karon,Shyres,kshyresr2@dmoz.org
976,Davidson,Yeowell,dyeowellr3@nydailynews.com
977,Erminia,Stuehmeier,estuehmeierr4@desdev.cn
978,Lilias,Druce,ldrucer5@tripadvisor.com
979,Bobinette,Aizikowitz,baizikowitzr6@chicagotribune.com
980,Fredra,Gilhouley,fgilhouleyr7@wunderground.com
981,Krystalle,Etherson,kethersonr8@seesaa.net
982,Roslyn,McCrone,rmccroner9@reverbnation.com
983,Clari,Meldon,cmeldonra@businessweek.com
984,Tressa,Crisford,tcrisfordrb@addtoany.com
985,Christian,Stollmeyer,cstollmeyerrc@oaic.gov.au
986,Blayne,Cresar,bcresarrd@edublogs.org
987,Celestine,Roubert,croubertre@admin.ch
988,Madelin,Obbard,mobbardrf@angelfire.com
989,Suzette,Falconer-Taylor,sfalconertaylorrg@spiegel.de
990,Tadeo,Scapelhorn,tscapelhornrh@earthlink.net
991,Mella,Baggett,mbaggettri@t.co
992,Krystle,Meineken,kmeinekenrj@blogs.com
993,Philippa,Claypole,pclaypolerk@spotify.com
994,Inigo,Ceschi,iceschirl@dion.ne.jp
995,Mischa,Happel,mhappelrm@google.ru
996,Cherise,Lorrain,clorrainrn@spiegel.de
997,Alidia,Wilds,awildsro@desdev.cn
998,Myrta,Knivett,mknivettrp@usda.gov
999,Mab,Bambra,mbambrarq@51.la
1000,Cloe,Flancinbaum,cflancinbaumrr@columbia.edu
